City_ID,City,Lat,Lng,Max Temp,Humidity,Cloudiness,Wind Speed,Country,Date
0,san miguel,13.4833,-88.1833,33.73,41,38,0.77,SV,1678723500
1,aykhal,66.0,111.5,-16.34,100,99,1.51,RU,1678723757
2,tuktoyaktuk,69.4541,-133.0374,-28.33,98,100,3.9,CA,1678723757
3,taltal,-25.4,-70.4833,21.77,72,16,2.79,CL,1678723758
4,mehamn,71.0357,27.8492,-2.05,100,100,3.09,NO,1678723758
5,wajima,37.4,136.9,5.04,57,84,2.93,JP,1678723759
6,weligama,5.9667,80.4167,24.76,89,72,3.08,LK,1678723759
7,franklin,39.9667,-83.0166,1.35,70,100,7.72,US,1678723760
8,jalu,29.0331,21.5482,22.2,29,5,7.57,LY,1678723760
9,thompson,55.7435,-97.8558,-7.91,91,100,3.81,CA,1678723761
10,klaksvik,62.2266,-6.589,-2.49,52,100,8.93,FO,1678723761
11,qujing,25.4833,103.7833,7.19,86,5,1.45,CN,1678723762
12,atuona,-9.8,-139.0333,26.03,78,28,3.44,PF,1678723762
13,busselton,-33.65,115.3333,15.7,92,85,2.9,AU,1678723763
14,ossora,59.2353,163.0719,-12.83,88,100,1.02,RU,1678723763
15,chuy,-33.6971,-53.4616,30.7,52,93,5.35,UY,1678723764
16,albany,42.6001,-73.9662,3.91,88,100,1.34,US,1678723669
17,rikitea,-23.1203,-134.9692,26.61,80,99,7.36,PF,1678723765
18,sadon,42.8518,44.0037,4.17,98,100,1.32,RU,1678723765
19,vaini,-21.2,-175.2,26.09,89,20,3.6,TO,1678723765
20,georgetown,5.4112,100.3354,26.96,78,20,0.0,MY,1678723705
21,hobart,-42.8794,147.3294,13.92,86,97,4.12,AU,1678723766
22,touros,-5.1989,-35.4608,30.55,57,99,5.56,BR,1678723767
23,asau,46.4333,26.4,10.51,50,42,2.58,RO,1678723767
24,orthez,43.4884,-0.7724,22.04,54,67,9.94,FR,1678723768
25,chokurdakh,70.6333,147.9167,-29.37,100,49,2.7,RU,1678723769
26,isangel,-19.55,169.2667,25.23,84,72,5.28,VU,1678723770
27,the valley,18.217,-63.0578,28.92,65,20,4.63,AI,1678723763
28,cape town,-33.9258,18.4232,23.95,79,20,8.23,ZA,1678723495
29,longyearbyen,78.2186,15.6401,-10.09,67,40,10.8,SJ,1678723771
30,praia,14.9215,-23.5087,33.3,14,0,8.23,CV,1678723771
31,atbasar,51.8,68.3333,-9.28,92,6,3.79,KZ,1678723771
32,bac lieu,9.285,105.7244,24.47,76,85,9.81,VN,1678723772
33,cidreira,-30.1811,-50.2056,26.88,74,2,6.34,BR,1678723772
34,mahebourg,-20.4081,57.7,25.7,78,7,7.6,MU,1678723772
35,kodinsk,58.6881,99.1844,-7.76,93,100,5.5,RU,1678723773
36,talcahuano,-36.7167,-73.1167,21.82,64,20,2.06,CL,1678723773
37,port lincoln,-34.7333,135.8667,16.25,84,6,2.5,AU,1678723774
38,hambantota,6.1241,81.1185,26.19,94,20,2.57,LK,1678723774
39,pangody,65.85,74.4859,0.71,97,100,7.19,RU,1678723775
40,mataura,-46.1927,168.8643,12.49,89,87,2.68,NZ,1678723775
41,zhigansk,66.7697,123.3711,-19.1,93,28,4.93,RU,1678723775
42,jamestown,42.097,-79.2353,1.12,90,100,2.57,US,1678723649
43,barrow,71.2906,-156.7887,-30.99,83,0,0.0,US,1678723776
44,camana,-16.6228,-72.7111,25.58,72,76,4.65,PE,1678723776
45,verkhnevilyuysk,63.4453,120.3167,-12.77,91,97,3.98,RU,1678723777
46,bluff,-46.6,168.3333,12.67,66,100,9.93,NZ,1678723777
47,saskylakh,71.9167,114.0833,-12.77,93,100,4.46,RU,1678723778
48,kirkwall,58.9848,-2.9587,4.03,56,40,13.89,GB,1678723778
49,mount gambier,-37.8333,140.7667,10.89,94,68,2.03,AU,1678723778
50,aswan,24.0934,32.907,27.1,18,0,2.68,EG,1678723779
51,goksun,38.021,36.4973,3.38,99,100,0.87,TR,1678723779
52,nome,64.5011,-165.4064,-13.96,85,100,3.6,US,1678723780
53,ushuaia,-54.8,-68.3,8.79,66,90,1.9,AR,1678723780
54,wattegama,6.7989,81.4808,23.61,90,96,2.44,LK,1678723781
55,upernavik,72.7868,-56.1549,-20.61,81,42,2.06,GL,1678723781
56,bilma,18.6853,12.9164,32.83,8,80,5.81,NE,1678723781
57,ilulissat,69.2167,-51.1,-5.99,38,0,0.0,GL,1678723782
58,new norfolk,-42.7826,147.0587,13.73,96,92,1.09,AU,1678723782
59,kawalu,-7.3817,108.2082,21.75,94,100,0.66,ID,1678723782
60,mataram,-8.5833,116.1167,25.45,84,60,2.14,ID,1678723783
61,miranda,3.2499,-76.2281,21.42,80,99,0.74,CO,1678723783
62,grindavik,63.8424,-22.4338,-3.74,50,40,11.32,IS,1678723783
63,sorland,67.667,12.6934,-1.08,61,26,6.36,NO,1678723784
64,qaanaaq,77.484,-69.3632,-20.16,70,88,3.14,GL,1678723784
65,kruisfontein,-34.0033,24.7314,23.27,48,0,2.63,ZA,1678723785
66,east london,-33.0153,27.9116,25.42,76,0,9.17,ZA,1678723785
67,novomyshastovskaya,45.1991,38.5827,6.12,58,100,4.28,RU,1678723785
68,yellowknife,62.456,-114.3525,-22.87,100,100,2.61,CA,1678723786
69,micheweni,-4.9667,39.8333,27.5,78,81,5.68,TZ,1678723786
70,pedasi,7.5333,-80.0333,26.79,73,100,3.45,PA,1678723787
71,port elizabeth,-33.918,25.5701,24.5,75,1,3.26,ZA,1678723787
72,punta arenas,-53.15,-70.9167,9.06,53,75,8.23,CL,1678723541
73,samarai,-10.6167,150.6667,27.42,76,88,3.07,PG,1678723787
74,butaritari,3.0707,172.7902,27.57,77,50,7.54,KI,1678723788
75,sao filipe,14.8961,-24.4956,25.44,59,0,3.89,CV,1678723788
76,hilo,19.7297,-155.09,25.71,90,20,1.54,US,1678723789
77,kapaa,22.0752,-159.319,21.99,89,40,0.0,US,1678723789
78,poum,-20.2333,164.0167,26.24,70,79,3.4,NC,1678723790
79,leningradskiy,69.3833,178.4167,-17.23,88,100,7.25,RU,1678723790
80,nikolskoye,59.7035,30.7861,-2.06,89,54,2.75,RU,1678723791
81,baryatino,54.3121,34.521,-7.28,92,58,2.12,RU,1678723791
82,xining,36.6167,101.7667,7.28,25,5,1.07,CN,1678723793
83,vila velha,-20.3297,-40.2925,28.97,72,40,4.63,BR,1678723643
84,castro,-24.7911,-50.0119,19.59,92,100,1.4,BR,1678723794
85,mumford,5.2618,-0.759,28.54,73,100,5.76,GH,1678723794
86,shelburne,44.0787,-80.2041,0.42,79,100,2.82,CA,1678723795
87,carnarvon,-24.8667,113.6333,24.98,72,0,10.44,AU,1678723796
88,ponta do sol,32.6667,-17.1,22.23,80,78,1.29,PT,1678723796
89,airai,-8.9266,125.4092,16.04,95,96,0.47,TL,1678723796
90,karatuzskoye,53.6072,92.8667,-6.12,92,100,1.35,RU,1678723797
91,manyana,-23.4,21.7167,31.1,20,5,3.69,BW,1678723797
92,san cristobal,7.7669,-72.225,22.1,46,75,2.7,VE,1678723797
93,warrington,53.3925,-2.5802,12.73,82,75,10.29,GB,1678723596
94,tipuani,-15.5648,-68.0185,31.73,51,36,0.97,BO,1678723798
95,porosozero,62.7191,32.727,-6.1,88,12,4.75,RU,1678723798
96,alofi,-19.0595,-169.9187,25.47,86,100,6.69,NU,1678723799
97,pauini,-7.7136,-66.9764,22.32,100,100,0.81,BR,1678723799
98,paamiut,61.994,-49.6678,-4.63,61,13,2.6,GL,1678723799
99,vila do maio,15.1333,-23.2167,33.44,77,0,6.17,CV,1678723800
100,lompoc,34.6391,-120.4579,13.34,96,75,0.45,US,1678723800
101,bloomington,44.8408,-93.2983,-3.52,75,40,4.12,US,1678723800
102,itarema,-2.9248,-39.9167,28.93,68,100,4.47,BR,1678723625
103,broome,42.2506,-75.833,4.36,77,100,2.06,US,1678723801
104,broken hill,-31.95,141.4333,19.85,38,83,2.75,AU,1678723801
105,saint-augustin,51.226,-58.6502,-1.15,78,82,2.06,CA,1678723802
106,boca raton,26.3587,-80.0831,30.01,67,40,7.72,US,1678723599
107,portobelo,9.55,-79.65,32.84,74,53,2.04,PA,1678723803
108,daru,-9.0763,143.2092,26.55,80,82,3.62,PG,1678723804
109,hobyo,5.3505,48.5268,26.87,72,23,5.87,SO,1678723804
110,bathsheba,13.2167,-59.5167,29.34,65,40,8.75,BB,1678723805
111,port hedland,-20.3167,118.5667,28.03,83,0,3.09,AU,1678723806
112,tessalit,20.1986,1.0114,37.31,7,15,3.21,ML,1678723806
113,vila franca do campo,37.7167,-25.4333,17.23,72,62,4.2,PT,1678723806
114,qaqortoq,60.7167,-46.0333,-3.88,67,13,1.54,GL,1678723807
115,grand gaube,-20.0064,57.6608,25.77,74,0,1.79,MU,1678723808
116,orange cove,36.6244,-119.3137,14.89,97,0,1.54,US,1678723806
117,souillac,-20.5167,57.5167,25.22,80,4,6.74,MU,1678723809
118,maumere,-8.6199,122.2111,25.62,80,7,1.52,ID,1678723809
119,henties bay,-22.116,14.2845,18.94,75,7,5.49,NA,1678723810
120,port-gentil,-0.7193,8.7815,29.98,79,40,6.17,GA,1678723810
121,pandan,14.0453,124.1694,24.49,69,81,5.55,PH,1678723811
122,cabo san lucas,22.8909,-109.9124,27.17,48,0,1.03,MX,1678723802
123,tenenkou,14.4572,-4.9169,39.79,11,48,2.76,ML,1678723812
124,tiksi,71.6872,128.8694,-13.37,70,33,6.48,RU,1678723812
125,saint-pierre,-21.3393,55.4781,25.82,69,4,9.26,RE,1678723664
126,tilichiki,60.4667,166.1,-16.18,92,99,0.62,RU,1678723813
127,vardo,70.3705,31.1107,-3.01,100,100,7.2,NO,1678723813
128,hithadhoo,-0.6,73.0833,28.22,75,88,3.97,MV,1678723814
129,bethel,41.3712,-73.414,6.4,80,100,4.63,US,1678723814
130,fortuna,40.5982,-124.1573,12.19,94,100,6.69,US,1678723815
131,christchurch,-43.5333,172.6333,9.39,90,40,1.54,NZ,1678723539
132,flinders,-34.5833,150.8552,18.43,88,88,1.34,AU,1678723816
133,yaounde,3.8667,11.5167,29.53,42,96,2.23,CM,1678723816
134,saint-jean-de-maurienne,45.1667,6.5833,1.25,98,93,4.72,FR,1678723817
135,bubaque,11.2833,-15.8333,25.65,70,1,5.8,GW,1678723817
136,margate,51.3813,1.3862,13.72,66,68,5.81,GB,1678723598
137,bredasdorp,-34.5322,20.0403,22.31,68,0,5.28,ZA,1678723818
138,massa marittima,43.049,10.8928,15.35,93,76,3.5,IT,1678723818
139,oranjestad,12.524,-70.027,28.97,70,20,8.75,AW,1678723618
140,bandarbeyla,9.4942,50.8122,25.88,72,6,4.83,SO,1678723819
141,faanui,-16.4833,-151.75,27.65,75,100,4.42,PF,1678723820
142,shemysheyka,52.892,45.3928,0.9,70,23,4.18,RU,1678723820
143,port hardy,50.6996,-127.4199,2.17,88,84,2.99,CA,1678723820
144,lagoa,39.05,-27.9833,15.35,83,49,5.14,PT,1678723821
145,muros,42.7762,-9.0603,15.05,74,41,9.8,ES,1678723821
146,bluffton,32.2371,-80.8604,12.19,84,100,3.6,US,1678723822
147,tazovskiy,67.4667,78.7,-8.32,94,100,8.8,RU,1678723634
148,port alfred,-33.5906,26.891,25.1,78,0,1.34,ZA,1678723822
149,mar del plata,-38.0023,-57.5575,31.01,62,0,6.69,AR,1678723577
150,saint-philippe,-21.3585,55.7679,25.77,81,38,5.95,RE,1678723823
151,hermanus,-34.4187,19.2345,24.33,74,0,6.97,ZA,1678723823
152,tura,25.5198,90.2201,22.11,27,2,0.92,IN,1678723824
153,warri,5.5167,5.75,32.84,52,26,4.84,NG,1678723824
154,talnakh,69.4865,88.3972,-22.11,97,93,4.01,RU,1678723825
155,shimoda,34.6667,138.95,8.95,75,60,5.0,JP,1678723825
156,vangaindrano,-23.35,47.6,23.0,87,94,2.31,MG,1678723826
157,mackay,-21.15,149.2,25.93,84,48,2.67,AU,1678723826
158,saldanha,-33.0117,17.9442,19.58,84,26,9.47,ZA,1678723827
159,hamina,60.5697,27.1979,-1.4,83,100,6.55,FI,1678723827
160,agadir,30.4202,-9.5982,26.25,35,100,3.32,MA,1678723787
161,xai-xai,-25.0519,33.6442,24.15,87,20,4.2,MZ,1678723828
162,waimana,-38.15,177.0833,12.25,90,65,2.7,NZ,1678723828
163,victoria,22.2855,114.1577,20.11,80,100,1.34,HK,1678723717
164,olafsvik,64.8945,-23.7142,-5.19,58,100,11.35,IS,1678723829
165,avarua,-21.2078,-159.775,23.03,100,40,1.03,CK,1678723829
166,palmer,42.1584,-72.3287,6.25,67,100,4.63,US,1678723829
167,rakitnoye,50.8389,35.8515,1.0,57,8,2.97,RU,1678723830
168,axim,4.8699,-2.2405,29.52,66,84,3.72,GH,1678723830
169,bambous virieux,-20.3428,57.7575,25.68,79,7,7.71,MU,1678723831
170,san jose,37.3394,-121.895,15.26,84,100,4.12,US,1678723738
171,rabo de peixe,37.8,-25.5833,16.73,88,20,4.63,PT,1678723831
172,pisco,-13.7,-76.2167,26.68,78,0,3.6,PE,1678723622
173,katsuura,35.1333,140.3,11.49,78,94,11.13,JP,1678723832
174,puerto ayora,-0.7393,-90.3518,29.98,78,3,4.47,EC,1678723832
175,guerrero negro,27.9769,-114.0611,16.34,79,60,6.31,MX,1678723833
176,kysyl-syr,63.8986,122.7617,-13.69,92,100,5.2,RU,1678723833
177,cambridge,43.3601,-80.3127,1.75,86,100,2.06,CA,1678723784
178,husavik,66.0449,-17.3389,-7.26,82,100,8.3,IS,1678723833
179,gizo,-8.103,156.8419,27.26,77,100,3.76,SB,1678723834
180,dikson,73.5069,80.5464,-23.38,78,100,1.64,RU,1678723834
181,emirdag,39.0197,31.15,2.44,95,100,3.35,TR,1678723835
182,norman wells,65.282,-126.8329,-20.24,97,99,3.86,CA,1678723835
183,havre-saint-pierre,50.2334,-63.5986,-1.14,77,100,2.24,CA,1678723835
184,verkhnyaya inta,65.9811,60.3094,1.74,95,100,3.45,RU,1678723836
185,atasu,48.6814,71.6433,-6.18,77,3,4.05,KZ,1678723836
186,khatanga,71.9667,102.5,-22.85,99,93,3.2,RU,1678723837
187,abu zabad,12.35,29.25,31.19,10,3,3.36,SD,1678723838
188,aguilas,37.4063,-1.5829,21.99,49,100,3.38,ES,1678723839
189,marzuq,14.4,46.4667,21.69,61,100,4.1,YE,1678723840
190,cherskiy,68.75,161.3,-19.57,99,100,3.16,RU,1678723701
191,trairi,-3.2778,-39.2689,29.34,67,94,3.74,BR,1678723603
192,severo-kurilsk,50.6789,156.125,-1.01,92,23,6.49,RU,1678723840
193,grobina,56.5352,21.1678,2.88,100,100,6.17,LV,1678723841
194,tucurui,-3.7661,-49.6725,23.03,95,100,0.78,BR,1678723842
195,srivardhan,18.0333,73.0167,27.15,59,8,1.7,IN,1678723693
196,laguna,38.421,-121.4238,14.49,88,100,3.6,US,1678723843
197,maldonado,-34.6667,-54.9167,33.66,34,32,4.42,UY,1678723812
198,sharjah,25.3573,55.4033,26.16,65,20,11.32,AE,1678723843
199,yumen,40.2833,97.2,7.8,30,3,5.09,CN,1678723844
200,yenagoa,4.9247,6.2642,31.64,57,100,3.64,NG,1678723844
201,aksay,47.26,39.87,5.14,57,54,4.92,RU,1678723844
202,mpongwe,-13.5091,28.155,20.36,90,100,2.83,ZM,1678723845
203,kodiak,57.79,-152.4072,-4.27,50,0,10.29,US,1678723742
204,haldia,22.0605,88.1097,26.39,54,37,3.26,IN,1678723845
205,lethem,3.3803,-59.7968,33.7,28,35,5.78,GY,1678723845
206,ouadda,8.0777,22.4007,29.39,39,80,2.72,CF,1678723846
207,waipawa,-41.4122,175.5153,8.94,85,14,2.47,NZ,1678723846
208,port moresby,-9.4431,147.1797,24.75,86,90,2.82,PG,1678723846
209,artyom,40.4723,50.333,10.08,84,4,10.88,AZ,1678723847
210,faya,18.3851,42.4509,13.29,74,100,2.73,SA,1678723847
211,pierre,44.3683,-100.351,-8.41,74,0,3.13,US,1678723847
212,hohhot,40.8106,111.6522,4.95,29,53,0.49,CN,1678723848
213,coquimbo,-29.9533,-71.3436,22.85,64,0,5.14,CL,1678723679
214,hamilton,39.1834,-84.5333,1.05,69,100,6.69,US,1678723731
215,sakakah,29.9697,40.2064,23.09,33,0,2.41,SA,1678723848
216,meulaboh,4.1363,96.1285,25.67,86,99,1.72,ID,1678723849
217,saint anthony,45.0205,-93.218,-3.73,74,40,4.12,US,1678723849
218,cayenne,4.9333,-52.3333,30.02,62,75,5.66,GF,1678723646
219,cockburn town,21.4612,-71.1419,24.71,71,0,3.49,TC,1678723549
220,qasigiannguit,68.8193,-51.1922,-5.86,79,58,0.69,GL,1678723849
221,chiang khong,20.2613,100.4046,20.32,93,100,0.86,TH,1678723850
222,bow island,49.8668,-111.3684,-1.96,87,82,8.45,CA,1678723850
223,deputatskiy,69.3,139.9,-26.06,90,13,1.63,RU,1678723850
224,batagay-alyta,67.8006,130.4114,-30.86,97,7,2.81,RU,1678723851
225,okhotsk,59.3833,143.3,-7.46,95,100,4.96,RU,1678723851
226,loubomo,-4.1997,12.6739,25.59,87,91,1.24,CG,1678723851
227,panama city,8.9936,-79.5197,33.58,66,40,3.6,PA,1678723750
228,moose factory,51.2585,-80.6094,-15.01,72,100,5.14,CA,1678723852
229,shenjiamen,29.9576,122.298,8.04,69,0,5.35,CN,1678723852
230,san quintin,30.4833,-115.95,16.37,76,7,5.09,MX,1678723852
231,beringovskiy,63.05,179.3167,-7.73,78,100,5.77,RU,1678723853
232,tasiilaq,65.6145,-37.6368,-7.91,74,4,0.85,GL,1678723853
233,wajir,1.7471,40.0573,33.46,34,62,3.07,KE,1678723854
234,te anau,-45.4167,167.7167,5.51,87,19,0.26,NZ,1678723854
235,barcelona,41.3888,2.159,24.55,74,0,5.66,ES,1678723854
236,havoysund,70.9963,24.6622,-4.87,90,100,0.92,NO,1678723855
237,bichena,10.45,38.2,17.61,51,95,2.59,ET,1678723855
238,marawi,7.9986,124.2928,20.1,97,100,1.1,PH,1678723855
239,garmsar,35.2182,52.3409,16.23,49,100,2.44,IR,1678723856
240,great yarmouth,52.6083,1.7305,14.48,74,37,13.24,GB,1678723856
241,aranda de duero,41.6704,-3.6892,14.71,48,57,12.0,ES,1678723856
242,arraial do cabo,-22.9661,-42.0278,28.92,70,75,7.2,BR,1678723765
243,amzya,56.2354,54.3868,-0.62,86,100,3.92,RU,1678723857
244,puerto suarez,-18.95,-57.8,29.31,74,75,3.09,BO,1678723857
245,basoko,1.2391,23.616,25.69,76,88,0.57,CD,1678723632
246,luderitz,-26.6481,15.1594,20.64,70,0,6.54,NA,1678723858
247,gat,31.61,34.7642,21.01,14,44,1.39,IL,1678723858
248,odweyne,9.4092,45.064,28.4,31,94,1.29,SO,1678723858
249,sayyan,15.1718,44.3244,13.6,69,100,1.68,YE,1678723859
250,warrnambool,-38.3833,142.4833,13.33,86,99,1.77,AU,1678723652
251,ca mau,9.1769,105.15,24.28,74,88,5.58,VN,1678723859
252,los llanos de aridane,28.6585,-17.9182,19.86,68,20,6.69,ES,1678723860
253,kloulklubed,7.0419,134.2556,26.28,76,100,4.1,PW,1678723861
254,gobabis,-22.45,18.9667,29.21,25,83,3.44,NA,1678723861
255,malkangiri,18.35,81.9,25.39,26,38,0.63,IN,1678723862
256,uruzgan,32.8333,66.0,15.41,25,25,0.47,AF,1678723862
257,niteroi,-22.8833,-43.1036,29.81,74,40,5.14,BR,1678723864
258,grootfontein,-19.5667,18.1167,31.44,18,64,6.48,NA,1678723755
259,fairbanks,64.8378,-147.7164,-16.81,82,100,1.54,US,1678723642
260,kitimat,54.0524,-128.6534,-2.27,39,100,1.04,CA,1678723864
261,esperance,-33.8667,121.9,19.1,88,77,3.58,AU,1678723865
262,flower mound,33.0146,-97.097,11.55,45,75,5.66,US,1678723865
263,namie,37.4833,141.0,5.95,69,72,4.71,JP,1678723866
264,moranbah,-22.0016,148.0466,25.36,74,5,1.94,AU,1678723866
265,tuy hoa,13.0833,109.3,21.85,87,45,3.83,VN,1678723866
266,ust-omchug,61.15,149.6333,-10.07,96,100,1.4,RU,1678723867
267,kavieng,-2.5744,150.7967,27.41,78,97,2.85,PG,1678723867
268,iqaluit,63.7506,-68.5145,-16.15,84,100,1.03,CA,1678723868
269,roebourne,-20.7833,117.1333,29.08,66,0,4.5,AU,1678723868
270,biu,10.6129,12.1946,33.29,7,52,3.16,NG,1678723869
271,yerbogachen,61.2767,108.0108,-24.33,100,44,1.75,RU,1678723869
272,tual,-5.6667,132.75,27.67,71,95,1.87,ID,1678723870
273,umtata,-31.5889,28.7844,22.78,75,0,2.12,ZA,1678723870
274,ishigaki,24.3448,124.1572,18.79,79,100,8.95,JP,1678723871
275,nioro,13.35,-15.75,41.82,6,0,0.82,GM,1678723871
276,san patricio,28.017,-97.5169,18.93,40,94,6.46,US,1678723872
277,dicabisagan,17.0818,122.4157,22.34,79,45,3.21,PH,1678723872
278,taft,31.7471,54.2088,14.97,51,100,3.09,IR,1678723873
279,coos bay,43.3665,-124.2179,11.66,98,100,6.17,US,1678723874
280,gerash,27.6652,54.1371,17.38,57,100,3.37,IR,1678723874
281,canutama,-6.5339,-64.3831,23.12,97,100,0.84,BR,1678723875
282,lasa,46.6166,10.7002,11.5,78,89,2.56,IT,1678723875
283,dzialdowo,53.2396,20.17,8.32,94,100,8.75,PL,1678723876
284,torbay,47.6666,-52.7314,2.99,86,9,8.49,CA,1678723876
285,halifax,44.6453,-63.5724,6.39,57,7,0.45,CA,1678723737
286,balta,47.9355,29.6198,7.65,45,75,4.66,UA,1678723877
287,cururupu,-1.8283,-44.8683,26.47,91,99,1.81,BR,1678723630
288,paramonga,-10.6667,-77.8333,26.04,73,100,3.02,PE,1678723878
289,tazmalt,36.3868,4.3989,24.91,36,62,3.51,DZ,1678723878
290,praia da vitoria,38.7333,-27.0667,18.2,89,21,7.43,PT,1678723879
291,narsaq,60.9167,-46.05,-0.88,60,17,1.85,GL,1678723879
292,tarrega,41.647,1.1396,26.44,47,97,2.38,ES,1678723879
293,dwarka,22.2394,68.9678,25.53,63,3,6.51,IN,1678723880
294,necochea,-38.5473,-58.7368,33.63,34,35,6.01,AR,1678723880
295,bengkulu,-3.8004,102.2655,24.61,90,100,2.43,ID,1678723881
296,nhulunbuy,-12.2333,136.7667,25.34,94,40,1.54,AU,1678723881
297,hasanabad,36.5465,61.0543,22.71,26,100,0.53,IR,1678723881
298,buraydah,26.326,43.975,23.08,40,6,3.86,SA,1678723882
299,coihaique,-45.5752,-72.0662,14.34,62,75,2.57,CL,1678723843
300,yar-sale,66.8333,70.8333,1.27,100,100,7.92,RU,1678723883
301,itoman,26.1247,127.6694,16.01,63,100,5.14,JP,1678723883
302,vao,-22.6667,167.4833,25.19,76,81,6.54,NC,1678723884
303,gol,60.7014,8.9457,1.08,96,100,1.37,NO,1678723884
304,belyy yar,53.6039,91.3903,-2.06,70,0,5.0,RU,1678723884
305,port maria,18.3685,-76.8895,30.03,80,2,2.92,JM,1678723885
306,charters towers,-20.1,146.2667,24.28,82,28,2.73,AU,1678723886
307,mareeba,-17.0,145.4333,23.58,96,98,0.97,AU,1678723886
308,jardim,-21.4803,-56.1381,26.36,77,98,2.8,BR,1678723887
309,qarqin,37.4185,66.0436,20.59,34,49,1.06,AF,1678723887
310,bud,39.447,-86.1758,1.01,80,74,6.28,US,1678723888
311,port-cartier,50.0334,-66.8654,0.12,88,100,2.64,CA,1678723888
312,ruidoso,33.3317,-105.673,12.25,54,53,2.57,US,1678723889
313,lastoursville,-0.8143,12.7287,28.06,83,93,0.39,GA,1678723889
314,salalah,17.0151,54.0924,28.05,42,0,1.03,OM,1678723890
315,soe,-9.8607,124.284,18.05,96,8,1.15,ID,1678723890
316,tadine,-21.55,167.8833,24.58,76,14,4.85,NC,1678723891
317,rio gallegos,-51.6226,-69.2181,9.9,37,100,2.2,AR,1678723891
318,nanortalik,60.1432,-45.2371,-2.32,68,16,1.17,GL,1678723891
319,vanimo,-2.6741,141.3028,25.14,89,100,1.12,PG,1678723892
320,rock sound,24.9,-76.2,25.41,74,0,6.12,BS,1678723892
321,luba,3.4568,8.5547,27.8,80,69,2.61,GQ,1678723892
322,kinablangan,7.6947,126.5503,25.13,89,98,4.05,PH,1678723893
323,beloha,-25.1667,45.05,23.81,74,97,7.98,MG,1678723893
324,quatre cocos,-20.2078,57.7625,25.61,79,5,7.59,MU,1678723893
325,levin,-40.6333,175.275,4.84,90,13,1.29,NZ,1678723894
326,bastrop,32.7562,-91.8724,13.16,63,0,2.57,US,1678723894
327,pangnirtung,66.1451,-65.7125,-15.0,66,100,0.0,CA,1678723894
328,anadyr,64.75,177.4833,-15.72,77,6,8.0,RU,1678723895
329,kaitangata,-46.2817,169.8464,10.96,76,94,5.04,NZ,1678723895
330,vendas novas,38.6771,-8.4579,17.89,54,98,5.69,PT,1678723895
331,krasnyy yar,46.5331,48.3456,7.96,49,99,7.47,RU,1678723896
332,najran,17.4924,44.1277,22.53,53,100,1.2,SA,1678723896
333,floresta,-8.6011,-38.5686,36.07,27,80,3.21,BR,1678723897
334,yarada,17.65,83.2667,26.48,62,34,2.0,IN,1678723897
335,ilabaya,-17.4208,-70.5133,22.07,72,83,4.24,PE,1678723897
336,kahului,20.8947,-156.47,23.01,89,0,5.14,US,1678723898
337,fort nelson,58.8053,-122.7002,-19.97,97,100,1.07,CA,1678723729
338,manakara,-22.1333,48.0167,23.86,85,95,2.7,MG,1678723898
339,sobolevo,54.4299,31.8996,-3.6,85,100,3.86,RU,1678723899
340,nakhon si thammarat,8.25,100.0,23.49,81,55,1.24,TH,1678723899
341,hasaki,35.7333,140.8333,10.22,70,100,11.55,JP,1678723899
342,ribeira grande,38.5167,-28.7,17.65,88,40,7.6,PT,1678723900
343,blackwater,-23.5833,148.8833,24.09,81,35,2.24,AU,1678723900
344,belaya gora,68.5333,146.4167,-25.98,100,88,2.93,RU,1678723900
345,portland,45.5234,-122.6762,9.79,93,100,3.6,US,1678723816
346,ahipara,-35.1667,173.1667,15.91,78,65,4.9,NZ,1678723717
347,marsh harbour,26.5412,-77.0636,26.35,66,1,8.81,BS,1678723901
348,la ronge,55.1001,-105.2842,-11.74,89,100,2.11,CA,1678723901
349,clyde river,70.4692,-68.5914,-21.2,91,100,1.77,CA,1678723902
350,freeport,40.6576,-73.5832,7.65,84,100,9.26,US,1678723902
351,hirara,24.8,125.2833,18.65,77,100,8.1,JP,1678723903
352,goure,13.9835,10.2704,33.55,6,100,5.32,NE,1678723903
353,araouane,18.9048,-3.5265,38.93,8,29,2.45,ML,1678723903
354,geraldton,-28.7667,114.6,21.23,88,59,6.17,AU,1678723904
355,trapani,37.8333,12.6667,18.49,70,6,1.69,IT,1678723904
356,grandview,38.8858,-94.533,-1.36,70,100,6.69,US,1678723794
357,kamenka,51.3223,42.7678,0.25,59,45,2.93,RU,1678723904
358,inhambane,-23.865,35.3833,24.55,85,30,3.79,MZ,1678723905
359,emerald,-23.5333,148.1667,23.52,90,14,2.96,AU,1678723681
360,pacific grove,36.6177,-121.9166,13.27,91,75,0.0,US,1678723902
361,san policarpo,12.1791,125.5072,25.26,80,29,6.22,PH,1678723906
362,cuamba,-14.8031,36.5372,20.68,98,100,3.05,MZ,1678723906
363,padang,-0.9492,100.3543,25.03,89,100,2.42,ID,1678723907
364,pokhara,28.2333,83.9833,18.84,37,73,3.17,NP,1678723907
365,lebu,-37.6167,-73.65,17.61,69,10,4.45,CL,1678723909
366,karla,59.3723,24.9275,0.98,56,20,6.69,EE,1678723909
367,sorong,-0.8833,131.25,25.73,86,65,2.78,ID,1678723910
368,lapeer,43.0514,-83.3188,-0.99,79,100,2.06,US,1678723910
369,doka,13.5167,35.7667,31.78,9,73,4.01,SD,1678723910
370,nyalikungu,-3.1833,33.7833,20.99,80,100,2.75,TZ,1678723911
371,awjilah,29.1081,21.2869,21.48,34,5,9.51,LY,1678723911
372,dauriya,49.9333,116.8667,-16.53,92,98,1.43,RU,1678723911
373,provideniya,64.3833,-173.3,-13.07,96,97,5.46,RU,1678723912
374,surt,31.2089,16.5887,16.98,68,0,6.17,LY,1678723912
375,kulu,39.0951,33.0799,0.85,99,100,6.85,TR,1678723912
376,shiyan,32.6475,110.7781,13.83,35,0,1.55,CN,1678723913
377,kitui,-1.367,38.0106,25.22,40,100,4.61,KE,1678723913
378,saint george,37.1041,-113.5841,11.35,70,75,2.06,US,1678723794
379,kosh-agach,50.0,88.6667,-17.38,91,51,1.4,RU,1678723913
380,ulladulla,-35.35,150.4667,14.87,75,72,0.9,AU,1678723914
381,ballina,-28.8667,153.5667,22.1,99,40,3.59,AU,1678723914
382,hailar,49.2,119.7,-17.3,94,58,0.87,CN,1678723914
383,rocha,-34.4833,-54.3333,33.63,36,80,4.61,UY,1678723706
384,volgodonsk,47.5136,42.1514,3.97,55,75,3.33,RU,1678723915
385,baley,51.6,116.6333,-14.13,98,99,1.5,RU,1678723915
386,vostok,46.4856,135.8833,-12.22,95,100,2.9,RU,1678723916
387,uige,-7.6087,15.0613,21.45,89,100,0.84,AO,1678723916
388,turukhansk,65.8167,87.9833,-18.68,96,70,2.8,RU,1678723916
389,sai buri,6.7013,101.6168,26.65,76,27,5.02,TH,1678723917
390,sao joao da barra,-21.6403,-41.0511,32.05,70,92,3.78,BR,1678723917
391,esna,25.2934,32.554,26.91,22,0,3.8,EG,1678723917
392,aklavik,68.2191,-135.0107,-22.03,82,100,4.5,CA,1678723918
393,quarteira,37.0695,-8.1006,21.76,67,40,8.23,PT,1678723918
394,maceio,-9.6658,-35.7353,32.69,58,75,7.72,BR,1678723918
395,zaltan,32.947,11.8665,18.35,61,0,4.58,LY,1678723919
396,port blair,11.6667,92.75,26.98,78,51,4.45,IN,1678723919
397,fare,-16.7,-151.0167,27.64,75,99,5.07,PF,1678723919
398,toora-khem,52.4675,96.11,-14.85,96,99,1.2,RU,1678723920
399,ventspils,57.3894,21.5606,0.96,100,100,6.17,LV,1678723920
400,kavaratti,10.5669,72.642,27.77,73,0,2.96,IN,1678723920
401,roald,62.5833,6.1333,2.51,86,75,9.77,NO,1678723921
402,amahai,-3.3333,128.9167,26.31,83,100,0.48,ID,1678723921
403,bisira,8.5196,-81.7115,20.73,71,78,1.53,PA,1678723921
404,santa maria,-29.6842,-53.8069,34.51,32,0,3.74,BR,1678723922
405,prachuap khiri khan,12.2167,99.75,20.97,86,99,1.37,TH,1678723922
406,shache,38.4167,77.2406,14.72,19,19,1.98,CN,1678723923
407,nancha,47.1333,129.2667,-7.98,63,8,2.53,CN,1678723923
408,taganak,6.0833,118.3,27.11,64,31,6.86,PH,1678723924
409,sitka,57.0531,-135.33,-6.06,68,20,0.0,US,1678723924
410,kirsanov,52.6549,42.7224,-0.99,67,13,3.25,RU,1678723925
411,mazyr,52.0495,29.2456,3.11,87,100,6.08,BY,1678723925
412,jiangyou,31.7667,104.7167,10.71,64,0,0.26,CN,1678723926
413,ambilobe,-13.2,49.05,23.54,94,99,0.65,MG,1678723926
414,ulkan,57.243,107.3223,-14.45,97,100,1.93,RU,1678723926
415,sao felix do xingu,-6.6447,-51.995,23.08,94,100,0.56,BR,1678723927
416,basco,20.4487,121.9702,22.43,77,100,9.86,PH,1678723927
417,codrington,-38.2667,141.9667,12.09,92,98,2.49,AU,1678723928
418,luganville,-15.5333,167.1667,25.12,88,100,1.85,VU,1678723928
419,vestmanna,62.1564,-7.1664,-3.49,63,75,1.54,FO,1678723930
420,vila,42.0304,-8.1588,9.49,46,95,5.7,PT,1678723930
421,camacha,33.0833,-16.3333,18.68,64,20,5.66,PT,1678723931
422,akureyri,65.6835,-18.0878,-8.51,91,100,6.46,IS,1678723931
423,lorengau,-2.0226,147.2712,27.23,78,73,1.78,PG,1678723932
424,sabha,27.0377,14.4283,25.31,9,0,6.84,LY,1678723932
425,adra,36.7496,-3.0206,19.02,63,100,5.02,ES,1678723933
426,alice springs,-23.7,133.8833,25.75,22,15,3.6,AU,1678723933
427,mnogovershinnyy,53.9353,139.9242,-1.76,99,100,1.34,RU,1678723933
428,yatou,37.15,122.3833,5.4,82,94,8.12,CN,1678723934
429,taguatinga,-12.3857,-46.5711,30.0,58,97,1.68,BR,1678723921
430,mount isa,-20.7333,139.5,18.87,100,0,0.0,AU,1678723934
431,adrar,20.5022,-10.0711,38.01,7,1,8.51,MR,1678723935
432,naze,28.3667,129.4833,12.7,65,69,5.87,JP,1678723935
433,melipilla,-33.7,-71.2167,24.1,63,0,2.39,CL,1678723936
434,dulce grande,23.0,-102.1667,22.35,18,0,3.18,MX,1678723936
435,hays,30.0502,-98.0336,14.59,53,83,2.68,US,1678723937
436,saint-gabriel,46.3001,-73.3824,0.23,100,100,2.41,CA,1678723937
437,avera,33.194,-82.5271,11.06,56,16,4.68,US,1678723937
438,son la,21.3167,103.9,13.81,81,100,1.34,VN,1678723938
439,neijiang,29.5835,105.0622,13.94,64,73,2.25,CN,1678723938
440,joshimath,30.5667,79.5667,11.7,82,97,0.92,IN,1678723939
441,birao,10.2849,22.7882,35.58,10,37,1.86,CF,1678723939
442,seydisehir,37.4193,31.8453,2.47,100,100,2.17,TR,1678723939
443,addis abeba,9.025,38.7469,16.35,70,88,1.07,ET,1678723933
444,akyab,20.15,92.9,25.64,72,0,1.46,MM,1678723940
445,ostrovnoy,68.0531,39.5131,-3.05,91,100,9.81,RU,1678723940
446,poronaysk,49.2167,143.1167,0.12,99,100,4.26,RU,1678723941
447,namibe,-15.1961,12.1522,25.38,70,47,6.69,AO,1678723941
448,dawlatabad,36.4141,64.9053,19.64,46,78,2.55,AF,1678723942
449,ayr,55.4627,-4.6339,4.99,87,75,7.72,GB,1678723942
450,srednekolymsk,67.45,153.6833,-25.95,100,57,3.42,RU,1678723943
451,ponta delgada,37.7333,-25.6667,17.4,88,20,4.63,PT,1678723943
452,balkhash,46.844,74.9804,-3.56,77,100,6.05,KZ,1678723944
453,pevek,69.7008,170.3133,-15.11,96,100,2.0,RU,1678723943
454,matara,5.9485,80.5353,24.83,89,77,3.68,LK,1678723944
455,arona,28.0996,-16.681,21.01,57,0,11.83,ES,1678723945
456,gairatganj,23.4202,78.2385,25.92,18,49,1.36,IN,1678723945
457,kirovskiy,45.0917,133.5136,-12.49,86,52,2.17,RU,1678723946
458,palana,59.1167,159.9667,-5.61,94,100,3.01,RU,1678723946
459,erenhot,43.6475,111.9767,5.31,48,100,6.46,CN,1678723947
460,aksarka,66.5606,67.7975,1.53,100,100,8.58,RU,1678723947
461,hofn,64.2539,-15.2082,-4.81,56,100,10.86,IS,1678723947
462,nemuro,43.3236,145.575,1.7,96,100,7.5,JP,1678723948
463,brive-la-gaillarde,45.25,1.5,14.14,86,75,3.74,FR,1678723948
464,lavrentiya,65.5833,-171.0,-20.89,99,71,2.66,RU,1678723948
465,vestmannaeyjar,63.4427,-20.2734,-3.97,52,8,7.89,IS,1678723949
466,bentonville,36.3728,-94.2088,2.9,62,0,5.14,US,1678723716
467,sola,-13.8833,167.55,26.69,81,100,9.67,VU,1678723950
468,constitucion,-35.3333,-72.4167,20.28,70,62,3.69,CL,1678723950
469,leiyang,26.4024,112.8591,12.36,63,76,2.02,CN,1678723950
470,mao,39.8885,4.2658,16.31,88,0,6.69,ES,1678723951
471,teeli,51.0333,90.2333,-11.98,74,0,2.23,RU,1678723952
472,agulu,6.11,7.0724,35.49,30,28,3.01,NG,1678723954
473,arandis,-22.4167,14.9667,27.25,31,0,5.48,NA,1678723955
474,oranjemund,-28.55,16.4333,19.46,79,1,4.29,NA,1678723955
475,davila,18.4726,120.5763,22.81,78,5,8.19,PH,1678723956
476,atar,20.5169,-13.0499,38.65,6,1,9.34,MR,1678723957
477,richards bay,-28.783,32.0377,23.82,83,9,2.56,ZA,1678723957
478,kushima,31.4583,131.2333,8.27,77,0,1.78,JP,1678723957
479,afikpo,5.8931,7.9374,35.67,32,53,1.4,NG,1678723958
480,manta,-0.95,-80.7333,28.88,74,40,3.09,EC,1678723958
481,dingle,10.9995,122.6711,24.34,86,39,3.44,PH,1678723959
482,abu dhabi,24.4667,54.3667,26.64,70,0,5.66,AE,1678723730
483,wichita falls,33.9137,-98.4934,7.36,47,40,5.14,US,1678723792
484,banka,24.8833,86.9167,26.15,20,95,1.64,IN,1678723959
485,vikhorevka,56.1201,101.1636,-8.23,90,100,5.76,RU,1678723960
486,antofagasta,-23.65,-70.4,22.6,68,22,4.74,CL,1678723845
487,nosy varika,-20.5833,48.5333,24.06,84,57,2.05,MG,1678723960
488,abonnema,4.7084,6.7931,31.33,56,100,4.16,NG,1678723960
489,bilokurakyne,49.5341,38.7307,1.93,49,0,1.9,UA,1678723961
490,kon tum,14.35,108.0,17.03,86,38,1.78,VN,1678723961
491,kyaikkami,16.08,97.5675,27.8,62,39,2.74,MM,1678723961
492,villa maria,-32.4075,-63.2402,38.15,20,0,5.28,AR,1678723962
493,parsabad,39.6482,47.9174,14.35,59,1,9.22,IR,1678723962
494,vryburg,-26.9566,24.7284,29.96,23,18,1.35,ZA,1678723962
495,zhezkazgan,47.8043,67.7144,-0.57,93,9,4.58,KZ,1678723963
496,mabaruma,8.2,-59.7833,30.74,45,22,3.85,GY,1678723963
497,bundaberg,-24.85,152.35,24.01,99,60,0.89,AU,1678723964
498,lerwick,60.1545,-1.1494,3.0,69,100,12.32,GB,1678723964
499,tagab,34.855,69.6492,17.06,38,0,2.31,AF,1678723964
500,alyangula,-13.8483,136.4192,27.38,76,93,3.75,AU,1678723965
501,grand island,40.925,-98.342,-4.33,68,100,4.12,US,1678723965
502,keskin,39.6731,33.6136,-0.53,100,100,4.57,TR,1678723965
503,rancho palos verdes,33.7445,-118.387,14.99,94,96,1.79,US,1678723868
504,illela,13.7292,5.2975,36.66,5,89,6.8,NG,1678723966
505,nagato,34.3833,131.2,4.55,59,2,0.81,JP,1678723966
506,huambo,-12.7761,15.7392,22.96,65,69,2.38,AO,1678723966
507,deder,9.3167,41.45,15.46,75,80,0.55,ET,1678723967
508,biak,-0.9131,122.8766,23.89,83,96,0.76,ID,1678723967
509,evensk,61.95,159.2333,-16.91,91,100,2.61,RU,1678723943
510,pringsewu,-5.3582,104.9744,22.62,98,99,0.48,ID,1678723968
511,rawson,-43.3002,-65.1023,22.05,35,51,3.89,AR,1678723968
512,jinchang,38.4953,102.1739,9.8,21,3,3.64,CN,1678723968
513,kericho,-0.3677,35.2831,16.73,77,100,0.25,KE,1678723969
514,worthington,40.0931,-83.018,1.03,73,100,7.72,US,1678723969
515,krasnoselkup,65.7,82.4667,-7.14,95,100,7.17,RU,1678723969
516,cantanhede,-3.6333,-44.3767,27.07,90,99,1.28,BR,1678723969
517,cartagena,10.3997,-75.5144,28.79,74,75,3.6,CO,1678723961
518,tecoanapa,16.5167,-98.75,26.72,64,0,1.49,MX,1678723970
519,pecos,31.4229,-103.4932,10.13,40,0,2.57,US,1678723970
520,redlands,34.0556,-117.1825,15.66,86,100,0.0,US,1678723921
521,harper,4.375,-7.7169,28.99,68,39,3.93,LR,1678723762
522,port macquarie,-31.4333,152.9167,19.38,91,47,1.72,AU,1678723971
523,hami,42.8,93.45,11.45,33,100,9.28,CN,1678723971
524,green valley,31.8543,-110.9937,18.16,43,73,0.89,US,1678723875
525,peleduy,59.6289,112.7406,-17.53,100,83,1.18,RU,1678723938
526,noumea,-22.2763,166.4572,27.22,99,78,4.68,NC,1678723972
527,fenton,42.7978,-83.7049,-0.52,85,100,2.57,US,1678723819
528,sur,22.5667,59.5289,26.45,54,100,3.61,OM,1678723940
529,sistranda,63.7256,8.834,-0.02,78,100,4.8,NO,1678723972
530,kentau,43.5206,68.5094,10.49,66,27,5.59,KZ,1678723973
531,chapais,49.7834,-74.8492,-3.94,88,100,2.9,CA,1678723973
532,tautira,-17.7333,-149.15,26.47,71,16,3.32,PF,1678723974
533,monrovia,6.3005,-10.7969,32.87,70,19,5.73,LR,1678723975
534,nortelandia,-14.4547,-56.8028,22.18,97,100,2.57,BR,1678723975
535,tigzirt,36.8886,4.1198,22.77,58,42,3.09,DZ,1678723976
536,diamantino,-14.4086,-56.4461,21.55,98,100,2.29,BR,1678723842
537,salta,-24.7859,-65.4117,28.65,58,97,2.68,AR,1678723977
538,sao jose da coroa grande,-8.8978,-35.1478,29.55,65,99,4.49,BR,1678723977
539,san pedro,14.35,121.0167,24.64,76,79,4.84,PH,1678723977
540,arrifes,37.7667,-25.7,16.14,88,20,4.63,PT,1678723978
541,dubai,25.2582,55.3047,26.14,78,20,11.32,AE,1678723758
542,luwuk,-0.9516,122.7875,24.5,86,97,1.05,ID,1678723978
543,coari,-4.085,-63.1414,25.28,93,100,1.94,BR,1678723979
544,mayor pablo lagerenza,-19.9309,-60.7718,36.34,34,0,2.8,PY,1678723979
545,marshfield,44.6689,-90.1718,-4.51,68,0,5.66,US,1678723979
546,cam ranh,11.9214,109.1591,24.98,65,20,7.2,VN,1678723980
547,porto-vecchio,41.591,9.2795,19.81,60,0,7.2,FR,1678723980
548,ternate,0.8,127.4,26.73,82,60,2.98,ID,1678723980
549,berlevag,70.8578,29.0864,-2.03,86,100,3.09,NO,1678723981
550,dawei,14.0833,98.2,24.88,66,72,0.52,MM,1678723981
551,spornoye,50.8448,37.2913,0.05,62,14,2.5,RU,1678723982
552,shakawe,-18.3667,21.85,30.89,26,70,4.44,BW,1678723982
553,porto novo,6.4965,2.6036,31.1,59,77,5.59,BJ,1678723983
554,koumac,-20.5667,164.2833,24.89,74,84,1.72,NC,1678723983
555,le port,-20.9373,55.2919,26.0,82,33,2.26,RE,1678723984
556,inzhavino,52.3185,42.4937,-0.82,67,23,3.0,RU,1678723984
557,kyzyl-suu,42.3414,78.0056,3.48,55,0,5.22,KG,1678723985
558,rio grande,-32.035,-52.0986,33.06,66,7,6.7,BR,1678723985
559,egvekinot,66.3167,-179.1667,-24.1,87,38,2.71,RU,1678723985
